0,0.36951,MMMM--
1,0.15634,GGDT--
2,0.10065,GSRA--
3,0.18362,CSST--
4,0.15613,AAVK--
5,0.15906,GGNQ--
6,0.20395,SSSQ--
7,0.14153,RWGE--
8,0.18582,RR-A--
9,0.17116,RRTE--
10,0.18141,FLAA--
11,0.20793,SESE--
12,0.16823,DDTH--
13,0.21323,SSSD--
14,0.16491,EEDP--
15,0.14243,GRTQ--
16,0.18461,EEEVM-
17,0.1296,EEGVD-
18,0.20257,TT-VV-
19,0.14776,VD-TA-
20,0.1961,PS-PS-
21,0.19902,EE-GG-
22,0.16335,PP-DG-
23,0.13955,RQ-AG-
24,0.13274,LA-SR-
25,0.19221,PP-RR-
26,0.12054,LR-SP-
27,0.15973,LL-SP-
28,0.18793,DD-RR-
29,0.07187,HS-QNM
30,0.18588,QRRDSS
31,0.08964,GSCR-D
32,0.08557,AVQG-K
33,0.13914,HLRL-S
34,0.2373,WWWW-H
35,0.20239,KKRR-Q
36,0.23195,NNND-I
37,0.2319,AACL-Y
38,0.45195,VVVTVC
39,0.39404,GGASAY
40,0.64165,FFFYFF
41,0.82258,WWWWWW
42,0.72574,LILILL
43,0.78493,LLLLLF
44,0.92459,GGGGGG
45,0.92459,LLLLLL
46,0.79109,CCCCCI
47,0.87142,NNNNNN
48,0.87142,NNNNNN
49,0.65798,FFFYFV
50,0.5845,SSAGAL
51,0.87142,YYYYYY
52,0.87142,VVVVVV
53,0.91411,VVVVVV
54,0.85752,MMMMMI
55,0.97624,LLLLLL
56,0.9317,SSSSSS
57,0.9317,AAAAAA
58,0.95545,AAAAAA
59,0.69009,HHHHKV
60,0.83956,DDDDDD
61,0.77006,IIIIII
62,0.48167,LLLILV
63,0.2987,SKQKEG
64,0.23465,HQ-QK-
65,0.14188,KEKFD-
66,0.1082,RQQNA-
67,0.08733,TAEPK-
68,0.16531,SSSNH-
69,0.11617,GGQDI-
70,0.22105,NNNEE-
71,0.13623,QQTSK-
72,0.16138,SST-P-
73,0.17638,HHA-C-
74,0.18157,VVP---
75,0.17988,DES---
76,0.22874,PPP---
77,0.20298,GGA---
78,0.23268,PPP---
79,0.20208,TTN---
80,0.19131,PPG---
81,0.18999,ITT---
82,0.15069,--N---
83,0.14571,--I---
84,0.14571,--E---
85,0.13577,--F---
86,0.14082,--R---
87,0.17166,PPN---
88,0.1451,HHSER-
89,0.21105,NNSEE-
90,0.22206,SSNSH-
91,0.28986,SSSSV-
92,0.30062,SSSST-
93,0.26665,RRRGT-
94,0.26455,FFYRR-
95,0.24997,DDDNE-
96,0.39133,CCCCC-
97,0.30912,NNNHQP
98,0.28455,SSPLMT
99,0.3808,VIVVML
100,0.54617,SSSSSP
101,0.58614,TTTTTK
102,0.53341,AAAGGS
103,0.61517,AAAASL
104,0.7569,VVVIVV
105,0.88532,LLLLLL
106,0.91357,LLLLLL
107,0.91357,AAAAAA
108,0.93451,DDDDDD
109,0.78086,IIIVII
110,0.66288,LLLLIF
111,0.82342,PPPPPP
112,0.55767,TTTSAS
113,0.82342,LLLLLL
114,0.52675,VVLFLA
115,0.68345,IIIVII
116,0.79441,KKKKKK
117,0.6417,LLLIIL
118,0.56409,LLTLTC
119,0.57265,AAAMAS
120,0.74177,PPPPPP
121,0.49924,LLFFMF
122,0.49099,GGYFFF
123,0.49216,LLIPII
124,0.45764,HHHFHD
125,0.37976,LLKWRR
126,0.44604,LLVVVI
127,0.43323,PPPNPK
128,0.53665,YYYFFY
129,0.43368,SSG-GS
130,0.30755,PPF-IY
131,0.66909,RRRRRR
132,0.38035,VVVIHI
133,0.31148,LLLASW
134,0.30512,VVVLIS
135,0.16279,SSCAVL
136,0.22237,GGFVVI
137,0.14182,IVFALT
138,0.16737,CCTFLM
139,0.34356,ASASQS
140,0.40391,AAVAAC
141,0.28598,GGVASL
142,0.53584,SSSGSG
143,0.61882,FFFFFM
144,0.49883,VVLLLF
145,0.56578,LLMLIL
146,0.77039,VVVVVV
147,0.47294,AASGGS
148,0.58897,FFFFIF
149,0.46052,SSSASK
150,0.2477,HQSNDN
151,0.26302,SSTAS-
152,0.19016,VVIETL
153,0.21064,GGSWAF
154,0.28517,TLMMLV
155,0.41003,SSSAAC
156,0.59564,LLILLL
157,0.41946,CCILFL
158,0.7465,GGGGGG
159,0.65603,VVVVVI
160,0.55171,VVIIVS
161,0.56562,FLFILF
162,0.67154,AAATAA
163,0.79996,SSSSSS
164,0.54885,IIVAFI
165,0.73693,SSSSGS
166,0.87403,SSSSSS
167,0.87403,GGGGGG
168,0.66059,LLLILF
169,0.8663,GGGGGG
170,0.84307,EEEEEE
171,0.5429,VVLTIV
172,0.68176,TTSTST
173,0.69947,FFFFYF
174,0.78363,LLLLLL
175,0.53498,SSSAAQ
176,0.64627,LLLYLL
177,0.59195,TTSSST
178,0.37787,AAVSSH
179,0.37928,FFFRNY
180,0.51922,YYFYYY
181,0.3369,PPSNPK
182,0.36717,RSSKSQ
183,0.29624,AADNTI
184,0.51024,VVVVVS
185,0.44411,IILIVL
186,0.50142,SSSSAN
187,0.48912,WWGTSG
188,0.82231,WWWWWW
189,0.76029,SSGSSS
190,0.91588,SSSSSS
191,0.95556,GGGGGG
192,0.95556,TTTTTT
193,0.97777,GGGGGG
194,0.81767,GGAGGG
195,0.88341,AAAAAA
196,0.88341,GGGGGG
197,0.59028,LLVVLI
198,0.58666,LLAIII
199,0.76989,GGGGGG
200,0.53044,ASASAG
201,0.53351,LLLLSA
202,0.51046,SSLSAS
203,0.72701,YYYYYY
204,0.44018,LLSAAM
205,0.37714,GGASLF
206,0.7215,LLLLLL
207,0.54546,TTTRTT
208,0.40055,QQQSDS
209,0.3139,----S-
210,0.25299,----K-
211,0.23202,#NAME?
212,0.32908,AAALLF
213,0.31807,GGGDAK
214,0.34163,LLLFIV
215,0.42268,SSTSSP
216,0.57177,PPPPPV
217,0.48186,QQQRKK
218,0.37636,QHVDHL
219,0.73572,TTTTTT
220,0.58301,LLLMML
221,0.54322,LLWLFL
222,0.52545,SSIIIV
223,0.57763,MMMMMF
224,0.60817,LLLLLS
225,0.34948,GGVITL
226,0.41244,IIVFLL
227,0.69523,PPPPPP
228,0.42865,AVVAAF
229,0.44927,LLIILA
230,0.4742,LLLEFF
231,0.43868,LLAASL
232,0.43066,AAVFVF
233,0.47388,SSSASY
234,0.53688,YYYFYF
235,0.46967,FFFWWK
236,0.47475,LLVLSL
237,0.43684,LLLLIE
238,0.54779,LLLLLS
239,0.28116,TTVRKN
240,0.25229,SSFRID
241,0.46803,PPPPPT
242,0.23185,EEHQHN
243,0.184,APS-SL
244,0.13493,QLF-VT
245,0.15904,--P-Q-
246,0.12862,--Q---
247,0.12873,--W---
248,0.13912,--R---
249,0.13503,--C---
250,0.1368,--P---
251,0.1344,--E---
252,0.132,--V---
253,0.13846,DDS-R-
254,0.14437,PPQVAY
255,0.14726,GGSDHQ
256,0.14486,GGLIFS
257,0.28654,EESLLL
258,0.17884,ENRPQQ
259,0.15414,EEGVPQ
260,0.17986,AALTSI
261,0.2219,EENTTD
262,0.19193,STSVWE
263,0.31192,AAEELA
264,0.24623,AAESVE
265,0.34928,RRRTTD
266,0.27182,QQREGD
267,0.25138,PPAVDQ
268,0.49356,LLLLFL
269,0.47452,IIIIIV
270,0.24723,RGESPP
271,0.21196,TTE-AF
272,0.21615,EED-DP
273,0.12507,ATT-DV
274,0.12391,PPD-MA
275,0.16295,#NAME?
276,0.16397,#NAME?
277,0.20931,#NAME?
278,0.21962,EED-ET
279,0.22495,SSS-VN
280,0.21813,KKE-EA
281,0.23061,PPPDES
282,0.2177,GGAEEQ
283,0.16716,SALKES
284,0.15374,SSEPGL
285,0.1801,#NAME?
286,0.17077,#NAME?
287,0.17092,#NAME?
288,0.17758,--D--R
289,0.14888,--K---
290,0.14613,--H---
291,0.21429,#NAME?
292,0.18226,SWG--H
293,0.21446,SDPLLI
294,0.46235,LLLVLL
295,0.29734,SSTGGQ
296,0.32161,LLFFIT
297,0.27482,RQTKRV
298,0.46771,EEEEEK
299,0.33406,RRKKDR
300,0.21293,----R-
301,0.21398,----E-
302,0.16638,----N-
303,0.14378,----S-
304,0.14378,----V-
305,0.14378,----D-
306,0.14378,----V-
307,0.14378,----T-
308,0.14378,----S-
309,0.14378,----R-
310,0.14378,----R-
311,0.14378,----R-
312,0.14378,----Q-
313,0.14378,----T-
314,0.14811,----S-
315,0.14314,----T-
316,0.14001,----T-
317,0.16979,WWKLL-
318,0.15015,TTYFE-
319,0.16977,VVIYRL
320,0.27378,FFIIVR
321,0.40339,KKKKLR
322,0.35138,GGGHPL
323,0.58072,LLLLLV
324,0.5772,LLLFLF
325,0.48084,WWKKKP
326,0.61919,YYFYFY
327,0.63906,IIIMMM
328,0.4423,VIFLIV
329,0.74194,PPPPPP
330,0.7729,LLLLLL
331,0.43224,VVACIT
332,0.54294,VLLLST
333,0.80481,VVVVVV
334,0.80481,YYYYYY
335,0.72217,FFFFLL
336,0.73958,AAAFAF
337,0.89328,EEEEEE
338,0.89328,YYYYYY
339,0.70203,FFFFYL
340,0.9317,IIIIII
341,0.90796,NNNNNN
342,0.84634,QQQQQQ
343,0.74841,GGGGGA
344,0.72467,LLLLLV
345,0.51433,FFMFLA
346,0.64053,EEEEEP
347,0.66427,LLLLLT
348,0.63234,LLLVLL
349,0.41944,FFYYEL
350,0.69353,FFFFFF
351,0.30115,WRPEDP
352,0.28711,NNDDCI
353,0.26704,TTS-SN
354,0.18661,#NAME?
355,0.18536,#NAME?
356,0.16047,#NAME?
357,0.15516,-----R
358,0.15174,#NAME?
359,0.14831,#NAME?
360,0.14831,#NAME?
361,0.15632,#NAME?
362,0.17891,#NAME?
363,0.20535,#NAME?
364,0.27368,#NAME?
365,0.35666,SSRFSF
366,0.38596,LLLLMH
367,0.4034,SSSDSK
368,0.35152,HHHKSY
369,0.3999,AAADER
370,0.41145,QQESSD
371,0.62546,QQQQQI
372,0.76282,YYYYYY
373,0.66233,RRRRRV
374,0.67491,WWWWWT
375,0.54602,YYYLFY
376,0.5439,QQQNQG
377,0.53025,MMTVVT
378,0.45457,LLVDTL
379,0.797,YYYYYY
380,0.83969,QQQQQQ
381,0.63941,AAIILL
382,0.90458,GGGGGG
383,0.90458,VVVVVV
384,0.90458,FFFFFF
385,0.70592,AAVIII
386,0.90872,SSSSSS
387,0.84781,RRRRRR
388,0.66618,SSTSSS
389,0.65486,SSSSSF
390,0.40584,LLLVSG
391,0.29744,RQFNNH
392,0.38506,CCCLYL
393,0.29535,CCFFVM
394,0.30889,RRKQTR
395,0.403,IIILIM
396,0.40556,RRRDPR
397,0.30981,FFKKTS
398,0.32109,TTIIQL
399,0.4052,WWFWYY
400,0.3473,AVLLLI
401,0.36676,LLMMKL
402,0.4528,AASSSA
403,0.28365,----L-
404,0.33793,----A-
405,0.37798,LLLIVF
406,0.54731,LLLFLL
407,0.72335,QQQQQQ
408,0.44247,CCCFIG
409,0.43675,LLAVFV
410,0.70749,NNNNNN
411,0.41988,LLAVAL
412,0.37766,VAVVGC
413,0.34391,FLLYFI
414,0.33783,LLLFFT
415,0.34173,LLVLTV
416,0.2125,AAFTIL
417,0.21549,DDAETQ
418,0.3321,VVVVAS
419,0.25859,WCYIIW
420,0.30545,FLYWYF
421,0.24407,GNQWSY
422,0.44337,FFFYFV
423,0.53987,LLLTLT
424,0.5722,PPPPPH
425,0.49392,SSNSHS
426,0.59538,IIIIIP
427,0.40843,YYSWLW
428,0.36871,LLVIIA
429,0.48597,VIVVAV
430,0.56536,FFFFFM
431,0.39118,LIVALI
432,0.49528,IIIIVL
433,0.65233,IIIVII
434,0.56214,LLALLF
435,0.58093,YYFWFY
436,0.86389,EEEEEE
437,0.88483,GGGGGG
438,0.80984,LLLLLF
439,0.9553,LLLLLL
440,0.92388,GGGGGG
441,0.92388,GGGGGG
442,0.84293,AAAGAA
443,0.7905,AAAASS
444,0.94762,YYYYYY
445,0.94762,VVVVVV
446,0.89408,NNNNNN
447,0.86547,TTTTTT
448,0.8232,FFFFFF
449,0.37633,HHFYRL
450,0.39839,NNFRAN
451,0.46349,IIIMVI
452,0.23966,AARSHL
453,0.37408,LLEKKE
454,0.5037,EEEEEQ
455,0.29082,TTSIIE
456,0.30908,SSVSPD
457,0.31201,DDEPAP
458,0.32711,EKREDD
459,0.38079,HHERSE
460,0.51519,RRRQRT
461,0.68647,EEEQEE
462,0.80584,FFFFFF
463,0.69154,AAAASA
464,0.80679,MMMMMM
465,0.53939,AEAAGG
466,0.42479,AATMVA
467,0.48649,TAAVVV
468,0.39761,CCTVSS
469,0.5109,IIVQII
470,0.49844,SSGSSA
471,0.76065,DDDDDD
472,0.63865,TTSSTS
473,0.47194,LLLYIF
474,0.78924,GGGGGG
475,0.63879,IIIIIV
476,0.4423,SSAAVF
477,0.60389,LLFLFL
478,0.5778,SSSAAA
479,0.58082,GGAGGA
480,0.43713,LVAFFL
481,0.63582,LLALLL
482,0.62789,AAAAAG
483,0.45383,LLFIML
484,0.63303,PPPPPG
485,0.53945,LLVVVL
486,0.55619,HHHHHE
487,0.42116,DDHNNP
488,0.31633,FFYARK
489,0.43465,LLFIIL
490,0.63739,CCCCCC
491,0.27989,QHSGSR
492,0.4178,LLLLMH
493,0.30785,SP-PPQ
494,0.20011,#NAME?
495,0.23597,#NAME?
496,0.19003,#NAME?
497,0.18446,---R-D
498,0.1868,---S-R
499,0.1795,#NAME?
500,0.17666,#NAME?
501,0.17383,---W-C
502,0.14831,-----R
503,0.14831,#NAME?
504,0.14831,#NAME?